cibil_score,monthly_salary,company_tier,loan_amount,approved
402,158252,2,807262,0
735,113538,1,1146376,1
570,30372,3,352905,0
406,236035,3,668914,0
371,126022,2,529319,0
320,69040,2,1216944,1
421,217440,2,749023,0
766,93356,3,1703767,0
514,293355,2,1007916,0
630,282986,2,1217574,0
758,294652,2,291324,1
387,168077,1,559662,0
672,69575,3,478583,0
399,165043,1,1612096,0
430,81914,2,1420614,0
608,264134,1,283229,1
643,82055,2,887876,0
791,102697,2,1001773,1
713,121239,3,111748,1
685,250469,3,1139766,1
491,138106,2,1138894,0
576,282499,1,742378,1
460,17257,3,174078,0
759,171044,2,89759,1
613,126715,1,852930,1
321,41654,3,600277,0
552,226841,3,1594502,1
860,35808,3,1779504,0
774,67389,3,429179,1
358,133581,3,903009,1
810,142927,1,417375,1
775,49773,1,1082203,0
489,197240,2,735459,0
862,229764,2,926332,1
866,72505,2,483855,1
543,33135,2,941111,0
804,105887,2,335626,1
430,137118,2,1429932,0
784,169626,1,1547053,1
320,260739,2,1078825,0
466,294067,2,530533,0
573,77261,3,866480,0
687,75948,1,970569,1
615,255891,2,1493828,0
313,179074,3,1658678,0
541,281357,2,765054,0
645,156365,1,1508716,1
864,77507,2,441637,1
639,72134,2,1158780,0
391,148172,3,1655708,0
666,256225,1,298827,1
754,208069,2,295256,1
727,297276,1,394087,1
808,263933,2,71518,1
334,295343,2,460275,0
505,51609,2,1645916,0
380,189037,2,1879210,1
861,154088,1,644091,1
687,228666,2,121524,1
301,197885,2,798870,0
689,246440,2,1617431,1
865,272803,3,926004,1
405,182093,2,641309,0
776,170159,2,785609,1
701,27828,1,332187,1
855,147473,2,1100995,1
461,292337,3,1810828,0
501,238461,2,1220407,0
569,296755,3,818976,0
570,189863,2,1724663,1
755,254719,3,984644,1
761,223475,1,486700,1
551,279889,3,1293517,0
595,281010,2,1274858,0
637,178317,2,1942608,0
352,86354,2,390641,0
516,66374,2,682899,0
487,129397,3,1236135,0
679,263552,2,1945700,1
792,44336,1,636400,1
340,70350,2,998614,0
456,84561,2,1337616,0
314,76240,2,852792,0
364,166165,2,807739,0
820,61607,2,1844354,0
643,201740,3,1090206,0
428,196196,2,1443758,0
771,79110,1,1605381,0
362,199626,3,1040671,0
438,167008,2,315161,0
798,19426,2,398405,0
892,234911,2,241196,1
691,43151,2,1870282,0
718,288452,2,1844234,1
588,255853,3,1542741,0
678,269595,1,1812204,1
789,191743,2,640608,1
530,105306,3,1333643,1
340,240180,3,1835237,0
327,17204,2,1916135,0
434,107769,2,1494988,0
500,102265,2,387232,0
332,67428,3,1279362,0
347,48870,3,1392641,0
802,118547,1,1889754,1
706,250990,2,904967,1
873,64067,2,1163926,0
398,253083,3,231417,0
846,127217,2,290678,1
761,113934,2,393275,1
304,157980,3,1120639,0
517,224329,1,1739980,0
802,272354,2,1563528,1
697,76215,2,1973921,0
692,201907,2,1439666,1
506,123048,1,1275619,0
314,184530,1,184670,0
853,192241,2,60564,1
760,153731,3,816412,1
874,254977,2,801794,1
540,128688,2,1615515,0
863,235460,2,361869,1
395,201823,3,1708998,0
784,224987,3,155940,1
706,284150,2,1027444,1
530,264243,2,636373,0
470,89218,1,1640726,0
840,211416,1,1370985,1
335,47430,2,1239353,0
824,38091,3,236351,1
459,272125,3,1685335,0
542,38989,2,1189656,0
385,90451,3,523050,0
877,33990,3,506195,0
856,265541,2,367972,1
873,157105,2,1589998,1
327,293385,3,1477604,0
855,139932,2,1730871,1
639,283083,3,1668968,0
630,128000,3,1663798,0
805,193634,2,828894,1
647,50063,3,1999428,0
772,222793,3,1628914,1
530,173117,2,1797888,0
489,99703,2,1578362,0
524,250796,1,1078520,1
684,143557,2,1369204,1
676,268317,2,1423368,0
582,210877,1,1420665,0
558,58309,1,759038,0
658,58527,1,1654187,1
755,239490,3,136332,1
710,154883,3,931037,1
617,108344,3,1579155,0
524,170344,2,1354116,0
533,238564,3,304547,0
673,62153,3,1002865,0
771,123042,2,846747,1
532,69110,2,360112,0
412,160051,1,1780455,0
796,256131,3,321251,1
741,254173,2,1613332,1
863,43328,2,630069,1
567,127911,2,316013,0
809,290011,2,1965991,1
685,74234,2,505911,1
686,263503,2,503638,1
412,242135,1,1630835,0
380,88402,3,1981813,0
412,292593,2,1877791,0
301,20451,2,1386371,0
519,102178,2,1417694,0
865,251562,2,544509,1
524,138765,2,73446,0
684,143389,2,1880283,1
702,204699,3,1267756,0
429,212227,3,578111,0
352,280786,3,194526,0
715,275220,1,709292,1
546,240898,2,977724,0
738,291266,3,255162,1
502,83431,2,1166541,0
483,70745,1,516196,0
422,65081,2,322654,1
700,231204,1,1535837,1
593,91253,2,715897,0
579,287355,3,1564475,0
497,126086,2,155935,0
810,108783,2,905566,1
443,140681,3,807993,0
500,102893,3,1957262,0
423,173763,2,551443,0
486,92960,2,303978,0
625,37601,3,719142,0
763,154227,3,426924,1
648,215191,2,437688,0
702,182849,3,566404,0
645,296854,2,1950595,1
810,170604,2,1967246,1
446,143727,2,387864,0
447,78227,2,1700868,0
788,151039,3,1120648,1
850,99289,2,131015,1
637,166094,1,275075,1
772,220743,2,1842874,1
450,282866,2,1171322,1
714,173485,2,226774,1
597,248820,2,414404,0
562,251994,2,449273,0
443,83323,3,178259,0
645,55695,1,80916,1
871,70841,2,601556,1
301,213784,3,1797914,1
603,122096,2,1866830,0
553,107764,2,73259,0
752,100744,3,496799,1
336,24171,2,653688,0
459,115755,1,346437,0
308,123125,2,1734445,0
532,18696,1,1105619,0
398,141310,3,1804366,0
507,166385,2,157009,0
430,296293,3,1923901,0
703,60740,3,1008146,0
451,121611,2,1307713,0
353,263922,2,211940,1
419,78811,1,1911317,0
886,197385,2,1618042,1
719,78232,1,859716,1
721,292561,3,687547,0
403,170801,3,1199380,0
553,127492,2,119000,0
526,45099,2,134179,0
411,244206,3,1950057,0
809,133474,2,1914273,1
772,286400,3,1573282,1
398,258588,2,834514,0
452,49681,2,1122456,0
637,106328,3,1969587,0
462,233512,2,1492047,0
460,49540,3,444718,0
879,172608,3,775552,1
697,99700,1,1950432,0
576,202647,1,519054,0
803,61002,3,907398,0
691,64812,3,222438,0
434,206051,1,470641,1
494,272906,3,495544,0
700,123946,2,819640,1
332,81668,2,1690260,0
759,114003,3,1432414,0
769,226142,1,1497598,1
674,235462,3,529490,0
321,209886,2,853538,0
337,119601,2,106731,0
529,284956,2,1173586,0
664,76844,2,299091,1
862,216165,2,1393319,1
737,189870,1,121326,1
582,89601,2,823164,1
326,297844,2,387850,0
525,272927,1,1631868,0
576,188423,3,1600074,0
583,108330,2,1213594,0
780,240391,2,1543156,1
752,228606,2,1648656,1
815,206387,2,538968,1
846,256133,1,508128,1
491,177627,2,104645,0
348,193048,2,1630096,0
811,60095,3,521426,1
316,160342,3,1677630,0
471,176980,2,1743465,0
519,292667,1,131588,0
457,77433,2,1278190,0
776,34991,1,1628777,0
345,287919,1,1735270,1
672,162745,2,163693,1
817,137808,2,1716313,1
398,173128,2,60567,0
336,152686,1,1661243,0
579,22415,1,1828904,0
648,261038,1,1361039,1
796,269205,1,1188581,1
601,203221,2,1995998,0
480,183616,2,1845962,1
398,64976,1,1577912,0
415,280976,2,1103367,0
490,236883,2,540488,0
552,226509,1,181401,0
460,254241,1,255459,1
555,234526,2,111032,0
622,203799,2,749438,0
427,53578,2,925094,0
317,105453,1,1644164,0
865,223859,3,912132,1
869,126435,2,1542737,1
622,231101,2,629897,0
587,166538,3,241634,0
454,60475,3,664333,0
789,231232,2,1946909,1
685,172636,2,842135,1
403,168484,2,798005,0
692,108526,1,1423835,1
545,66001,2,1076457,0
475,207029,1,269162,0
338,159228,2,1126252,0
776,40711,3,1553502,0
837,45106,3,794700,0
707,232583,2,1799376,1
824,153286,2,1266571,1
805,242189,2,1390522,1
335,141479,3,1451051,0
319,151213,2,506120,0
620,43884,1,1027666,0
811,279852,1,1223362,1
699,295519,2,901601,1
770,30088,2,1691011,0
442,191118,3,596363,0
391,287158,2,1967023,0
653,210497,2,780076,0
350,193207,2,1107880,0
874,93077,1,179851,1
489,154784,3,1481449,0
424,220776,3,1158198,0
449,84087,3,1414935,1
613,289441,3,1047650,0
869,255341,1,1958981,1
641,83368,1,1731518,0
604,234571,2,1504313,0
353,266514,3,1347685,0
743,157180,1,336172,1
563,274904,1,613616,0
352,92603,3,339445,1
871,48872,1,350159,1
304,287872,2,1841212,0
402,297727,2,611133,0
495,100774,2,1971826,0
649,213522,1,1699258,1
346,235357,3,225231,0
568,80942,2,355858,0
669,28689,3,1179298,0
405,48276,2,337374,0
419,116968,1,1715418,0
357,290194,3,1147838,0
645,81216,2,1057705,0
773,230516,2,91722,1
416,36644,3,1013863,0
426,77021,2,899228,0
692,183197,2,745519,1
357,57291,1,290740,0
812,40675,2,1076179,0
395,164359,2,1709916,0
417,277318,2,1199384,0
859,107268,3,305416,1
787,199384,3,1360704,1
536,120410,1,1844145,0
571,144887,1,1497031,0
488,216554,1,820340,0
746,49675,1,1976959,0
880,296063,2,1411606,1
546,281317,3,939856,0
375,196517,3,1518987,0
453,85305,2,154697,0
734,183636,2,1586651,1
385,103791,2,1330148,1
584,174034,1,807130,0
519,85533,2,1719163,0
368,202256,3,740034,0
346,156650,2,1247753,0
393,146060,3,1077691,0
752,164696,2,210811,1
503,257188,1,1605533,0
517,252501,2,1261617,0
773,198887,2,1637361,1
731,19986,1,1493608,0
640,278625,2,828492,1
850,215339,3,307471,1
588,136950,2,142019,0
553,140355,2,1813190,0
656,42798,3,1207593,0
322,106649,3,905817,0
821,34477,3,268220,1
399,232400,2,1203729,0
479,232060,3,608114,0
522,288586,1,684322,0
741,121464,2,1707106,1
624,146184,1,1672964,0
815,102051,2,1844035,0
315,165653,2,408349,0
635,260300,2,1111385,0
557,74722,2,1687314,0
796,107036,1,1399148,1
459,243634,2,1062494,0
774,162595,3,1957798,1
679,263709,3,1209702,0
844,296696,1,402465,1
726,156880,3,838525,1
567,250419,2,618786,0
876,169692,2,1739115,1
716,278031,1,1663849,1
467,100024,2,868441,0
342,260809,3,1049598,0
855,133639,2,440659,1
584,96938,2,67718,0
696,232813,2,1377425,1
311,267100,1,399762,0
601,99526,3,112598,0
552,61220,3,1962886,0
798,90277,1,1372959,1
334,137332,3,883054,0
389,249231,2,620953,0
717,37931,3,868706,0
414,104116,2,1993376,0
495,266671,1,196075,0
800,66913,2,1784802,0
792,265216,2,1251636,1
374,109776,1,499110,0
712,40991,2,1993571,0
675,200917,2,1613916,1
719,119092,3,271516,1
576,244577,1,1759610,0
693,201384,2,1824474,1
756,252113,1,1453823,1
491,110556,3,1165022,0
398,171989,1,603360,0
847,143467,3,83717,1
395,233800,3,268417,0
489,141155,2,207723,0
336,74778,2,429346,0
668,60833,1,1011795,1
824,299769,2,434533,1
578,47088,3,159525,0
516,225722,3,1555142,0
572,211375,1,1311668,0
361,91361,2,1103222,0
895,150189,3,351857,1
641,105265,2,1428656,0
696,112718,1,1273979,1
318,109876,2,334329,0
476,45949,2,396407,0
695,227954,3,804016,0
744,126541,2,626395,1
532,210691,2,819153,0
375,76842,3,1558346,0
564,247930,2,853995,0
754,162265,3,1693593,1
683,145356,2,327845,1
863,259629,1,1298720,1
805,227802,3,1015721,1
666,180582,2,789782,1
443,278450,1,545339,0
368,18849,2,1875479,0
398,27360,1,702619,1
695,268279,2,734770,1
324,109767,3,149280,0
768,276445,3,764075,1
783,191872,3,1084472,1
864,69330,1,1137241,1
450,66707,2,328101,0
443,295833,1,1015631,0
868,44084,3,1031093,0
338,55387,2,1931016,0
408,17642,2,898352,0
341,201633,3,1882149,0
485,161510,2,738235,0
697,269511,2,163828,1
522,278957,3,960284,0
432,99381,3,1755562,0
462,264880,2,1189391,1
514,208984,2,1293470,0
534,75272,3,1039269,0
887,188123,1,1826349,1
308,228808,2,1263290,0
373,268091,1,1923319,0
791,279064,2,82356,1
552,121121,1,1364529,0
529,91872,2,1010875,0
818,279237,2,1919883,1
473,290049,2,1863985,0
467,136759,3,321609,0
469,97289,3,1820031,0
692,131506,3,1434564,0
493,93513,2,246322,0
816,197003,1,1971897,1
328,274480,2,1638114,0
464,277043,3,96023,0
721,206758,2,1724214,1
638,148498,1,227696,1
795,269024,3,1639291,1
664,145970,2,476492,1
641,105009,2,908075,1
799,214570,3,260084,1
810,212467,3,1233087,1
626,59816,2,529064,0
516,19138,3,1841267,0
600,106176,2,1177248,0
431,281161,3,522919,0
369,287595,1,1115876,0
551,209028,1,372433,0
714,287422,2,1508974,1
744,236552,3,513723,1
481,58764,2,1542704,0
466,138030,1,994413,0
390,110667,1,69659,0
830,75128,3,736763,1
338,234128,1,1343835,0
425,299013,2,1525378,0
750,248540,1,60360,1
472,20039,1,857856,0
519,167353,2,1720899,0
357,127935,2,1602023,0
775,25442,2,98791,1
755,68053,2,446281,1
660,196561,3,1822731,0
300,229176,2,1607386,1
686,101346,2,1373020,1
647,49397,3,607658,0
489,131214,1,775191,0
804,172221,3,1125785,1
490,292068,1,551503,0
807,128143,2,333071,1
668,278013,2,1657443,1
708,278158,3,553623,1
416,25103,2,1894040,0
433,97409,2,667542,0
357,38248,3,914845,0
855,189588,2,1087441,1
472,170242,2,1736392,0
448,23024,2,797562,0
379,249864,3,1484636,0
512,189875,1,1861156,0
502,158927,1,1957310,0
528,100178,2,1091371,0
526,297169,2,755314,0
831,78610,3,1346918,0
740,85843,3,1842301,0
701,122237,3,922189,0
346,195903,3,1516894,0
532,189499,2,1001937,0
604,145299,1,852364,1
825,20668,3,1910722,0
442,237542,2,107803,0
714,193267,2,1531535,1
812,170489,3,1232200,1
672,121133,2,630915,1
865,287895,3,1799923,1
558,284496,2,1440530,0
770,225124,2,1143956,1
311,103835,1,210322,0
629,112493,2,1822280,0
657,187166,3,1949694,0
707,116948,2,1601186,1
672,200194,2,1481041,0
307,44493,1,1617915,0
421,214886,1,881460,0
647,153368,2,720655,0
389,171470,3,1998149,0
615,28261,2,1940256,1
477,91709,3,1047709,0
839,110985,3,322667,1
340,290796,2,1406250,0
801,282247,2,1881989,1
444,261404,3,588057,0
500,115336,2,162035,1
760,128499,2,1274293,1
857,164524,1,1844679,1
846,181508,3,1553934,1
552,162026,3,1854696,0
689,265819,3,730917,0
893,27356,1,809087,0
555,143128,2,1440502,0
749,17187,1,390526,0
309,167297,1,1266733,0
541,149678,2,1543149,0
550,141270,3,947371,0
304,291531,3,1243118,0
418,257998,2,915144,0
673,256503,1,1741507,1
364,77061,2,1468137,0
445,250497,2,260154,0
523,96257,3,1760741,0
538,76753,3,1311972,0
476,38408,2,1848820,0
581,139116,2,1029532,0
362,146208,1,1280420,0
516,32413,2,572797,0
760,128650,2,1041120,1
404,74500,1,1724286,0
398,71358,2,1450020,0
810,81197,3,1097006,0
684,238861,2,318774,1
704,238492,1,960906,1
817,276545,1,411013,1
775,91240,2,1900709,0
736,250595,2,1244507,1
322,236135,2,464399,0
864,293466,2,933717,1
757,21968,2,1740420,1
382,205920,3,1327071,0
444,278844,2,304809,0
384,247076,3,1009748,0
377,38199,2,779672,0
756,178187,1,1113597,1
300,200388,2,1823799,0
350,20520,2,498781,1
745,124814,3,491259,1
748,182527,3,778510,1
787,261356,3,114361,1
333,138364,3,846787,0
647,29955,2,1197417,0
394,190121,2,754364,0
371,159989,2,1344876,0
850,265144,3,210786,1
453,79925,3,591486,0
549,85269,1,379095,0
737,167185,3,969156,1
417,114977,1,1535417,0
605,44345,2,1357042,0
567,270688,2,1577774,0
353,276798,2,1641604,0
535,193933,3,1364530,0
688,112406,2,960175,1
700,18453,1,984073,0
602,117811,2,1356884,0
506,69935,2,1198431,0
528,189442,2,784480,0
877,285472,2,1911791,1
374,30534,1,171701,0
734,51320,2,542281,1
402,64170,2,1438767,0
721,115546,3,1894479,0
605,95201,1,1209347,1
397,249473,2,1104739,0
634,285784,2,1030591,0
734,246324,2,898503,1
746,176121,2,1114641,1
607,248612,3,1483043,0
548,202125,3,1864126,1
465,215796,3,954401,0
780,158279,2,395600,1
634,211846,2,547721,1
841,179044,3,298924,1
405,217160,2,753708,0
862,85463,1,1904162,0
380,108500,3,1990711,0
432,222772,2,594517,0
437,52158,1,1413307,0
483,99607,2,1873334,0
700,260017,2,1410433,1
629,135076,2,1780933,0
807,73692,2,595389,1
368,145841,1,1663255,0
845,207816,1,256935,1
352,292954,2,1171299,0
749,176081,3,1324869,1
504,126718,2,240477,0
425,15192,1,1264596,0
342,262536,1,1985272,0
410,51413,3,350065,0
482,158888,2,1564363,0
394,54082,2,520223,0
673,138130,1,1913468,1
819,65940,3,1609750,0
659,178202,2,464287,1
580,55142,2,771478,0
494,51468,1,229354,0
494,156727,2,1714589,1
392,193969,3,370589,0
360,251187,3,786427,0
350,57056,2,1442928,0
702,66831,3,1546608,0
304,264664,1,1467003,0
765,123117,2,135779,1
833,291815,2,1101636,1
704,58954,2,700094,1
812,248192,3,1374451,1
532,15717,1,389974,0
823,288820,2,1738735,1
645,195882,2,595007,1
345,133696,2,1671980,1
845,19994,2,1613159,0
377,281378,1,600613,0
372,84300,3,990101,0
548,52405,2,1034943,0
346,38185,2,1113127,0
420,189514,3,405431,0
513,148653,3,1384998,0
538,66717,1,534405,0
355,17763,3,65141,0
649,70480,1,380057,1
406,184831,1,870047,0
347,222139,2,1744922,0
872,133094,3,768111,1
636,171379,1,1735548,1
325,242443,2,339596,0
556,26064,1,1514517,0
307,91848,3,624679,0
552,52548,2,1743152,0
602,183017,2,1828996,0
355,283620,2,1212111,0
825,17382,3,192770,1
773,191348,3,289947,1
327,94698,2,660999,0
377,260762,2,914282,0
515,258381,3,1994741,0
685,60095,1,1363085,0
664,37010,3,802913,0
825,148962,3,934094,1
611,124162,1,617660,1
306,285170,2,1666998,0
302,83842,2,874255,0
662,286421,2,645446,1
807,188311,2,1981084,1
573,291827,2,1082564,0
805,146742,2,1860023,1
314,235283,2,1231597,0
491,163961,2,623684,0
784,190607,1,1469056,1
327,260144,3,1130488,0
338,167711,1,1155523,0
572,210784,3,563676,0
530,267217,2,540913,0
385,178244,2,1142963,0
773,116158,3,1031469,1
425,288721,2,328652,0
836,297320,2,1406312,1
444,78972,1,683537,0
824,297140,2,51919,1
511,115922,2,879027,0
324,50931,1,190689,0
879,139168,2,1567060,1
693,181782,1,83298,1
366,138099,2,1335801,0
532,49693,1,283725,0
408,123944,1,326600,0
445,239655,1,1208175,0
410,222574,3,1971684,0
527,294518,1,1182297,0
410,262572,2,874356,0
769,60913,1,860672,1
333,212097,3,399525,0
668,102796,1,321372,1
894,99811,3,858118,1
853,205121,2,586208,1
724,247892,1,1630296,1
817,54178,3,1555367,0
581,31999,2,1733371,1
619,210623,2,1491229,0
742,186244,3,1432445,1
614,287769,3,1847511,0
676,213237,2,1787846,1
588,21859,2,696052,0
736,125986,3,211298,1
576,247654,2,254222,0
881,298983,3,371243,1
802,64522,2,1211133,0
815,245233,2,1971768,1
649,22485,3,592301,0
745,258056,1,1644310,1
649,127701,2,941641,1
436,222352,2,546409,0
542,117638,2,775735,0
842,199514,1,1030013,1
339,289370,3,1725125,0
528,108405,2,1980747,1
847,299732,2,312701,1
522,225048,3,1791325,0
305,177781,2,753060,0
621,52019,1,180878,1
767,276497,1,673431,1
374,80133,3,598866,0
303,212530,1,1697643,0
417,173598,2,714956,0
803,143585,2,1942508,1
873,260172,2,646822,1
740,140814,1,846561,1
493,40939,2,506610,0
691,168939,2,247118,1
325,277347,3,848028,0
734,105880,1,639643,1
472,18748,2,587262,0
599,251094,2,1296321,0
625,166956,2,1997012,0
709,171255,2,1349942,1
417,165331,2,1487514,0
524,182031,2,536649,0
831,140829,3,906634,1
412,143216,2,124442,0
439,80901,2,727178,0
858,258386,1,1678462,1
300,190607,1,183726,0
389,113046,1,608046,0
619,93278,1,1909212,0
849,289535,2,177309,1
438,117476,3,740288,0
810,112537,2,563644,1
558,196429,2,234681,0
309,232980,1,1653416,0
560,90403,2,453552,0
471,79286,1,1407757,0
312,119927,3,197278,0
467,292052,2,1657695,0
895,38386,3,1142139,0
620,192826,3,1116937,0
618,267156,2,1926343,0
628,263724,2,1173045,0
849,216202,1,1619157,1
718,40525,2,1609147,0
394,94818,3,600104,0
880,129589,1,1880286,1
617,160406,3,1769555,0
535,109715,2,284295,0
633,208839,3,666767,0
675,283788,3,76819,0
758,272438,2,1090801,1
436,182679,2,1483050,0
887,98178,2,58798,1
846,190458,3,730503,1
812,269466,3,886127,1
595,101724,3,1524539,0
619,244204,2,1866806,0
871,111393,2,1853123,0
648,91312,3,1752408,0
528,86196,2,1775118,0
569,85014,3,1352376,0
590,156994,2,583703,0
464,48340,1,1506800,0
304,128711,2,1710502,0
678,230250,2,1641316,1
377,26094,1,1555867,0
709,282885,1,1499912,1
873,126585,2,1818321,1
431,83798,1,684493,0
341,216604,2,1116746,0
388,125130,3,66259,0
701,299308,3,334243,0
595,181667,3,1239297,0
594,45257,3,1227970,0
825,67691,2,1063295,1
721,94768,2,1419978,1
322,29026,2,1270685,0
874,240162,3,1372525,1
442,34610,2,1607788,0
444,192718,1,1353175,0
524,193646,3,1141723,0
802,237123,1,124280,1
403,34288,2,1275701,0
338,99425,1,418921,0
497,15917,2,1720705,0
878,268187,2,1583185,1
690,54104,1,1747590,0
478,164134,2,440503,0
853,294143,2,126215,1
747,277091,3,1735773,1
799,76169,3,1456085,0
314,169542,2,1371705,0
588,144744,3,1373111,0
777,74821,2,579149,1
530,232741,2,311968,0
719,264265,1,1805864,1
456,229127,2,346508,0
849,289336,2,394543,1
740,218834,1,1588827,1
396,249538,2,1871936,0
710,101795,3,564060,1
588,180159,2,274402,0
553,150699,1,617211,0
495,258877,2,975423,0
897,214298,2,1285544,1
821,203505,2,551854,1
816,151285,2,1446538,1
417,117412,2,740200,0
458,34404,3,1796191,0
527,131545,2,1431880,0
515,237128,3,1226741,0
314,165245,2,1328890,0
456,199099,2,451392,0
560,276657,2,345673,0
456,271875,1,1548198,0
346,299583,1,718301,0
623,29995,2,575957,0
429,38559,3,1072936,0
710,113000,3,1839718,0
394,167191,2,357003,0
591,40517,1,1678650,0
582,230558,2,756443,0
368,120686,2,1643187,0
310,103151,3,280502,0
553,280471,3,1880113,0
849,135318,3,1628885,1
433,210490,2,570766,0
322,188860,2,351951,0
645,130945,2,440449,0
601,228456,3,362499,0
662,67446,1,545655,1
695,202655,1,1736279,1
517,155148,1,320855,0
440,84341,3,506295,0
509,46085,2,1106480,0
759,20750,2,1686897,0
655,50903,3,1854523,0
623,218561,3,1971486,0
432,106036,2,170035,0
426,102954,2,1843723,0
405,132305,3,1284744,0
677,215753,3,1320242,0
350,47101,2,1854717,0
328,17775,2,315237,0
761,126497,2,337062,1
595,60619,3,1040247,0
596,267388,2,243708,0
706,248346,2,764166,1
704,80149,1,1239042,1
645,41616,3,1223077,0
719,236767,2,834516,1
481,200639,1,666798,0
300,183171,2,1192284,0
866,221903,2,672107,1
670,246318,2,1080649,0
730,70863,3,1334179,0
608,188115,2,980784,0
436,268347,3,610591,0
501,204052,1,601741,0
735,293495,1,1613484,1
612,150203,1,945318,0
416,262908,2,1945703,0
874,288493,2,773809,1
543,207003,3,1622102,0
836,289597,3,206837,1
374,164886,2,1494132,0
685,164335,3,569676,0
509,92694,2,1845651,0
774,30735,3,1060913,0
717,190745,2,1660921,1
646,235534,2,1811924,1
828,60066,3,1717519,0
478,246387,2,1375745,0
481,149445,1,319289,0
324,287836,2,675494,0
479,60541,2,1285445,0
800,180129,3,1926731,1
460,81983,2,647518,0
476,165655,3,729290,0
584,168837,2,1515544,0
362,205359,2,1206714,0
455,225747,3,1829961,0
768,192597,2,786664,1
348,184302,3,1160616,0
383,267084,2,1731532,0
660,136015,2,1821632,1
447,187257,1,554788,0
641,261536,2,1556440,1
775,239021,2,1940038,1
362,145956,3,1155391,0
659,85744,2,266741,1
860,88616,2,1211365,1
626,102438,1,1527482,1
440,131841,1,793766,0
514,155558,2,1057536,0
734,184934,3,894355,1
617,267734,3,1266220,0
331,73870,3,1283678,1
584,101694,3,380048,0
604,252068,2,1867397,0
728,116407,3,287469,1
776,46379,1,807596,1
585,251500,2,1783139,0
443,69353,2,1175664,0
723,196068,1,579896,1
318,291175,3,619955,0
317,226144,2,1678411,0
889,80982,3,989989,1
670,51683,2,1599388,0
474,129091,1,977366,0
493,132797,3,1333483,0
801,21587,2,912380,0
412,244602,2,1956888,0
413,166599,1,1156136,1
521,288295,2,951495,1
563,205246,2,1073695,0
354,59739,2,264601,0
757,47954,3,930650,0
461,258935,3,426606,0
679,124373,3,733775,0
386,49700,3,986827,0
354,138728,2,1282862,0
775,86045,2,330141,1
477,159972,1,1219842,0
690,16881,1,1024507,0
648,297933,3,1102255,0
307,103059,2,538241,0
612,229566,2,1663172,0
742,124388,2,1304672,1
627,213303,2,745202,0
353,280406,1,1032912,0
538,96972,1,1037036,0
528,69722,1,497154,0
878,196890,2,579983,1
350,284045,2,276812,0
563,132473,1,632787,0
717,285741,3,73382,1
395,230286,2,1899243,0
387,258896,2,767583,1
377,171877,3,1756302,0
587,26874,2,1257115,0
419,239137,3,502532,0
790,291223,3,1473188,1
751,110408,2,1105340,1
799,135606,3,796256,1
464,135062,3,1736695,0
481,27100,2,111836,0
768,165872,2,1392643,1
306,209472,3,1353609,0
629,249196,3,1980719,1
450,222609,2,66292,0
384,166014,2,961345,0
446,298006,3,1381659,0
680,288813,2,1342348,1
847,199844,2,1117376,1
584,293060,3,106440,0
381,288022,2,466462,0
813,280129,2,701809,1
822,219720,3,496021,1
685,56235,3,1097568,0
770,296075,2,1744191,1
418,107876,2,1672512,0
695,15336,2,500067,0
831,84504,3,405642,1
560,114214,1,866196,0
555,197220,2,1917478,0
525,128936,2,1879024,0
352,31279,3,219573,0
799,214737,1,1155783,1
805,118751,2,1160733,1
663,86386,1,1232864,1
579,101124,3,1776008,0
892,106911,2,1192354,1
457,212742,2,180016,0
358,236094,2,1747152,0
427,252723,3,218204,0
414,97806,2,1209149,0
508,222605,1,170730,0
825,245097,2,1162762,1
820,212478,3,555349,1
851,185591,2,1889968,1
536,180596,3,68781,0
580,179957,3,1336253,0
658,247204,1,307506,1
500,196871,2,1129702,0
577,258154,2,1336793,0
534,87307,2,465794,0
793,250998,2,1614050,1
303,136757,2,1991042,0
741,68664,3,330027,1
328,181536,2,604070,0
408,274438,3,1417107,0
374,165528,1,1770915,0
445,290553,1,870178,0
427,215399,3,311161,0
341,237472,2,116266,0
655,246182,3,574344,0
340,296836,2,1392177,0
333,104037,2,1494035,0
316,224912,3,1546823,0
452,200272,2,1231349,0
677,239135,2,1810317,1
887,203487,3,1804374,1
898,33074,2,385983,1
641,161621,3,1179212,1
326,242434,3,419841,0
586,247679,3,1165059,0
467,67265,1,1119081,0
567,31061,2,449769,0
754,174882,3,607813,1
700,128502,2,1310050,1
775,299944,1,1194584,1
857,271505,2,1142924,1
875,122228,2,776547,1
429,221548,3,319417,0
662,191469,3,1424956,0
591,28233,2,780929,0
670,257277,1,184607,1
328,171140,3,1836960,0
448,119135,2,1205733,0
595,232314,3,1623772,0
310,28682,2,1350875,0
811,169455,2,1299801,1
412,239404,2,1206928,0
486,106198,3,1194543,0
526,56830,2,401133,0
609,25234,2,1657943,0
397,72616,2,262628,0
354,286365,3,161889,0
705,157482,3,312063,0
368,226127,2,361467,0
611,207485,2,1012824,0
588,16051,2,1059602,0
847,91918,2,402053,1
447,93116,1,1144681,0
766,243931,2,1521956,1
543,223547,2,182957,0
790,241572,1,1025323,1
806,146379,2,51049,1
664,71889,3,627569,0
781,241256,2,1403991,1
500,53134,2,1165273,0
453,217834,2,509567,0
749,242579,2,1135110,1
800,40954,1,1191610,0
372,201093,3,1156673,0
595,241999,1,1807749,1
316,225938,2,337181,0
516,216499,2,479223,0
360,282136,3,1571270,0
341,16961,2,601566,0
324,27497,2,1762208,0
338,271446,1,1609284,0
430,290399,2,1096417,0
797,150639,3,1024687,1
528,250889,3,1459893,0
407,194075,1,874726,0
471,35389,2,1696141,0
734,190595,3,1030013,1
777,228175,2,54694,1
401,18358,2,632438,0
823,267557,3,1690334,1
574,222596,3,595844,0
343,269488,2,1294119,0
316,120982,2,623374,0
629,243129,2,724267,0
868,282842,3,822687,1
796,108079,2,1278135,1
311,70805,2,1079621,0
617,177421,2,673756,1
891,222849,1,869819,1
515,253483,2,1008254,0
638,59041,2,1691466,0
380,285146,2,1074446,0
784,122524,2,1592433,1
673,233306,3,566304,1
499,34738,1,973098,0
836,287847,3,1625324,1
765,128776,3,122356,1
388,195494,2,1939706,0
567,207971,2,309925,0
870,292785,3,1986754,1
788,283449,2,1639055,1
837,244334,2,658919,1
346,295926,2,295702,1
587,251371,2,846961,0
315,92963,3,82175,0
700,136987,3,1378395,0
385,166638,3,486374,0
549,139591,1,883230,0
690,82766,1,1955918,0
634,21511,2,1491120,0
818,129816,1,1779912,1
436,264432,2,1817052,0
797,281909,2,390822,1
776,166426,2,1161397,1
893,174892,2,560559,1
522,126576,2,1110780,0
671,86088,2,1023169,1
701,92525,2,843826,1
742,28780,2,296464,1
789,283733,2,901246,1
572,119188,3,1132169,1
825,108326,3,1009468,1
458,80785,3,258260,0
451,34309,2,165064,0
487,69195,1,542492,0
397,40901,2,103365,0
430,169648,3,1863508,0
470,40464,2,967947,0
482,293404,3,1319087,0
663,139997,2,1590850,0
338,71683,3,1519972,0
826,187502,3,1578447,1
796,171177,1,256971,1
815,93484,2,1011169,1
648,264819,2,153700,0
696,221486,2,409221,1
460,156449,2,1495257,0
315,68592,2,118247,0
792,153419,2,1281207,1
725,70798,2,206270,1
407,150370,2,891172,0
749,258767,1,203560,1
610,35922,2,1792451,0
469,241817,2,1608203,0
845,17866,3,1056648,0
713,127669,1,1388618,1
550,283042,3,1493711,0
440,295539,2,231142,0
573,185091,1,636901,0
715,281150,2,1195283,1
338,180465,2,423921,0
328,288100,2,1053639,0
776,136724,2,1050005,1
617,77901,2,97003,1
544,215569,1,1671342,0
571,132192,1,457650,0
739,187646,3,1013750,1
538,109881,2,1528441,0
676,257934,2,1681894,1
565,147659,3,758421,0
658,136688,2,1493791,1
639,130584,3,1244497,0
688,200782,2,1568231,1
876,237820,1,820448,1
302,231896,3,1604796,0
728,194689,2,889232,1
441,180289,3,841877,0
675,298028,2,1771976,1
623,282598,2,558524,0
445,89960,3,1885254,0
592,117421,1,1129729,1
731,253245,3,1890220,1
884,58618,2,184411,1
698,62111,2,630526,1
643,231750,2,462610,1
439,135592,3,1414591,0
486,249000,1,937104,1
360,270989,2,1569514,0
679,143652,3,346751,1
739,93672,3,102055,1
618,265351,1,1203085,1
601,232516,2,1234043,0
643,76602,2,701666,0
310,218117,2,1507082,0
361,252069,2,1186263,0
525,57222,2,1425798,0
452,256084,2,1495483,0
863,257318,3,450686,1
870,80333,3,1201228,0
883,198804,2,375341,1
874,64420,2,1678637,0
609,90504,2,985280,0
542,17462,2,1618422,0
792,286604,3,252668,1
665,114319,2,1650448,0
629,271674,2,1867765,0
406,155347,2,1496092,0
525,159341,2,1888346,0
517,144593,1,1161177,0
805,137672,1,186559,1
558,299697,2,86282,0
816,59036,2,1324713,0
353,163441,3,1476167,0
346,157867,3,670086,0
820,85021,2,1753827,0
398,176215,2,1993619,0
319,251304,2,209876,0
872,20368,2,715275,0
789,150693,2,1371878,1
718,73829,2,255229,1
361,291863,2,60547,0
444,44227,1,1449433,0
515,124430,1,1079293,0
302,27306,1,1363179,0
459,68822,3,113146,0
419,39042,2,1464297,0
388,163459,2,682049,0
628,104424,2,1464447,0
879,197690,3,1411180,1
656,238122,3,132970,0
566,164395,3,766177,0
622,33019,1,1267895,0
840,55863,2,589707,1
494,126023,3,1068057,0
631,156355,1,609865,0
469,77780,2,1101497,0
820,207656,3,972180,1
762,184024,2,529177,1
339,115706,1,1068225,0
836,183735,1,1541476,1
560,137019,2,194535,0
694,207453,1,571317,1
525,194001,2,1779410,0
423,286487,3,1925943,0
337,115260,1,699822,0
627,185863,3,1558797,0
550,175206,2,1879736,0
475,193173,1,122828,0
753,84443,3,697937,1
336,245183,3,1058449,0
615,150899,2,1449782,0
892,111143,3,105152,1
413,208725,3,1318649,0
339,159771,3,408635,0
600,263044,2,273393,0
523,151385,3,136569,0
617,159670,3,1957475,0
648,126362,3,1034131,0
414,261517,1,731132,0
622,215462,2,1508155,0
867,191298,2,733850,1
339,74550,1,1550796,1
339,280702,3,172537,0
588,201950,1,103806,0
561,73219,1,1698856,0
515,181258,3,1383040,0
446,179841,2,1439691,0
635,266004,1,1881716,1
467,272336,2,1271793,0
391,251495,2,1293336,0
652,68218,1,1409301,0
870,296373,3,1060065,1
870,42877,2,930077,0
662,204073,2,595042,1
856,162878,2,119837,1
644,234707,2,1761143,1
469,256249,2,995424,0
655,52034,2,268811,0
490,186389,2,689068,0
721,203868,3,661369,1
306,25589,1,1909024,0
432,72221,2,1064138,0
856,270927,3,1421242,1
330,278801,1,1616023,0
834,132229,1,1041596,1
725,67227,2,1210675,0
693,280308,2,1774038,1
662,108078,1,1989437,0
736,250113,2,1886932,1
850,65599,2,135015,1
381,261367,2,679275,0
655,204651,2,628621,1
557,83207,2,1838394,0
888,126426,3,1091680,1
823,149794,3,1275747,1
594,186103,3,762706,0
523,225307,2,700660,0
824,36438,2,1829417,0
345,73819,2,443522,0
412,58856,1,400639,0
532,74807,1,644055,0
316,58461,2,1202908,1
659,108474,2,1766143,0
522,297579,2,1924434,0
747,230189,3,580624,1
664,269730,1,424344,1
625,261732,1,780526,1
766,177793,1,1377976,1
713,69786,2,804805,1
754,290848,2,230889,1
885,71635,2,1598496,0
532,255909,2,345863,0
523,260984,3,1927025,0
711,127752,3,95704,1
871,226194,3,866445,1
634,243584,3,392135,0
521,147886,2,1955266,0
336,93537,1,1439068,0
577,162580,1,276884,0
495,100166,1,1266424,0
783,224988,2,1370780,1
541,209840,3,1570384,0
623,49785,2,1097640,0
491,178052,1,974159,0
316,246791,2,793470,0
823,81253,3,362067,1
700,106128,2,128563,1
321,176081,3,1757966,1
773,125966,3,1188355,1
419,152854,3,1787225,0
509,114352,3,987243,0
605,154379,3,149704,0
569,238279,2,1360333,0
584,252281,1,160234,0
526,123297,2,1422407,0
680,221946,1,86491,1
759,53346,3,800909,0
306,127138,2,1957123,0
328,55149,3,954367,0
332,173598,2,1444498,0
378,143447,2,972285,0
758,20695,3,1119024,0
869,54169,2,554393,1
837,193296,2,1412270,1
781,171625,1,1672158,1
729,201098,2,333590,1
584,207994,2,388723,0
815,16881,2,790749,0
398,94211,2,951111,0
696,171078,3,1184191,0
788,242203,3,67101,1
338,210558,2,1033682,0
570,151949,2,340160,0
456,54553,3,1772868,0
374,150758,2,1536445,0
429,47766,2,664769,0
383,46422,2,627090,0
321,289349,3,1892557,0
758,169599,2,260005,1
838,257555,2,1779298,1
681,43202,2,1670706,0
739,228456,2,96539,1
320,35855,1,1656581,0
602,206444,2,1022100,0
383,118119,3,820569,0
752,67003,3,466232,1
686,109837,2,1284848,1
806,238068,2,1572060,1
556,138805,2,1552079,0
869,130657,3,165042,1
826,119428,3,177922,1
461,137035,2,142447,0
462,245780,2,1444122,0
823,232282,3,1403327,1
570,84518,2,1257269,0
791,191355,2,1111399,1
507,158277,1,1128562,0
838,135243,2,695970,1
883,289892,2,1687189,1
359,68311,3,1608695,0
729,37692,2,1488645,0
608,139954,2,300476,0
819,169934,2,1156347,1
890,236468,2,1153549,1
326,95152,1,1768626,0
861,19926,2,1924115,0
498,18969,3,1680752,0
686,50733,1,1633820,0
648,56743,1,1185415,0
835,145193,1,217605,1
677,185948,2,1062714,1
857,35323,3,566754,0
826,293572,1,1199707,1
452,49578,3,1428314,0
505,101486,1,762261,0
754,272450,3,585807,1
572,122325,2,736475,0
535,283508,2,1033770,0
820,146763,2,51832,1
800,272971,2,1008872,1
416,110598,3,1580217,0
685,212539,3,1736786,0
643,191968,2,155474,0
883,72062,1,644003,1
694,243338,1,908267,1
363,225834,3,1696230,0
371,159933,2,87570,0
573,242909,2,531193,0
619,103302,2,711975,0
637,78928,3,1136887,0
665,229303,2,1450965,1
794,56347,3,677475,1
465,18121,3,1908442,0
843,98793,2,1185455,1
310,43164,2,590027,0
600,74222,3,116202,0
401,169237,2,148580,0
724,18748,3,1847355,0
691,41553,1,1178175,0
513,131547,1,739009,0
387,75380,3,805724,0
852,59331,2,1014949,0
700,242105,2,1739634,1
887,135617,3,1400190,1
345,90910,2,1435685,0
762,222288,2,1486052,1
891,25068,1,753981,0
609,69460,3,1490401,0
385,61418,3,1000430,0
391,143180,1,1883915,0
541,277431,3,1737164,0
301,37337,3,350141,0
524,166738,2,241012,0
888,262667,2,746084,1
415,147233,2,934237,0
402,113064,2,212776,0
493,261686,3,434346,0
465,18178,3,1520183,0
389,46831,2,1057227,0
421,148248,2,816230,0
442,118306,1,52526,0
405,179726,1,992190,0
727,269292,2,1958347,1
604,198622,1,1367294,1
616,190982,2,320877,1
308,105417,2,362434,0
372,204323,3,384937,0
658,26984,2,86051,1
522,104312,2,65909,0
715,207458,2,532898,1
852,98291,1,1175914,1
669,284279,1,1958440,1
563,15320,2,1619127,0
617,167756,3,1388853,0
383,241921,1,1805507,0
617,194971,3,653350,0
410,270083,3,1280556,0
550,124863,3,454494,0
682,56777,2,423690,1
306,61250,3,1674322,0
758,195418,1,1031769,1
383,230834,2,1940423,0
507,30216,3,796447,0
689,18009,2,890592,0
613,175399,2,1415119,0
321,160281,2,861730,0
709,194515,2,281946,1
814,30029,2,727551,0
426,225515,2,1548756,0
313,203069,3,1262740,0
311,129456,3,139407,0
386,257471,3,1304905,0
823,48783,2,547165,1
836,49152,2,1685377,0
600,73741,3,887529,0
542,44092,3,997783,0
421,163725,2,1768340,0
446,245636,1,513238,0
866,186541,1,609486,1
655,269136,2,1323871,0
608,176050,2,1085702,0
587,102592,3,1935005,0
606,58169,2,1046196,0
893,69745,1,1028536,1
848,125168,2,1887187,1
651,128985,2,1100595,0
611,282687,1,655743,1
358,202464,2,790599,0
334,36067,2,199776,0
744,66033,3,1247678,0
392,60256,2,439027,0
506,236705,2,905877,0
652,254455,2,909983,1
631,215417,3,53420,0
458,101803,1,896307,0
323,218814,3,228725,0
703,133843,2,591028,1
815,43992,3,1425983,0
663,227603,3,1728653,0
681,63803,2,1063368,0
831,209549,2,1032063,1
451,159282,1,593753,0
861,41270,3,494648,1
719,259929,2,1626995,1
549,22452,2,584940,0
416,29859,3,508189,0
811,47083,3,1840979,0
877,126462,2,359815,1
634,162735,2,1343865,0
717,264737,2,139342,1
594,296197,2,1379891,0
670,157157,2,1315777,1
485,205167,2,1358396,1
545,84517,2,1285340,0
567,167225,3,108541,0
536,151319,1,59470,0
829,241453,2,1082657,1
851,151645,2,1815280,1
320,94267,1,618596,0
819,153261,1,185669,1
399,146004,2,1725704,0
777,68687,3,211860,1
898,122615,1,1032524,1
597,42564,1,1148053,0
825,22697,3,682549,0
633,95165,1,676754,1
301,219994,3,345215,1
674,72823,2,513819,1
592,24615,3,1553715,0
852,91436,2,120560,1
617,206591,3,829680,0
801,49782,3,1884142,0
680,93533,2,1549284,0
313,255011,1,1523562,0
803,204327,3,1437482,1
530,87684,2,1265047,0
383,272165,1,564295,0
429,230356,1,1342989,0
444,231621,3,1287087,0
327,250295,2,1625233,0
365,266435,2,1470683,0
462,272424,2,1327205,0
528,283782,3,836960,0
560,48377,3,1207382,0
748,121244,3,1259962,1
723,189188,1,677267,1
759,228363,3,985551,1
600,38382,2,1904756,0
602,261375,2,1133685,0
586,202135,2,1636783,0
694,168466,1,1408218,1
309,249318,3,1416528,0
569,146936,1,786152,0
891,138664,2,1693305,1
660,167027,3,425987,0
556,118533,3,556775,0
432,262997,1,1435140,0
575,84590,2,1520698,0
812,259936,3,1468167,1
612,63924,2,514702,0
875,24726,2,1165472,0
583,206896,2,1202007,0
420,55542,2,465162,0
406,49753,3,1669884,0
503,298460,2,1303914,0
464,248979,2,1615491,0
604,99698,2,858593,0
796,293104,2,77738,1
855,45791,1,1757861,0
455,88290,2,1500255,0
666,62014,2,107153,1
550,150150,2,1836884,0
633,65519,2,111009,0
810,281186,2,1972946,1
592,64052,2,935978,0
319,29389,2,534469,0
581,83111,3,1795488,0
300,172753,2,1416991,0
418,104524,1,846229,0
334,109913,1,1446850,0
497,109108,3,121942,0
784,269803,2,168065,1
358,284637,3,1374685,0
460,84639,1,1374453,0
505,246452,3,496439,0
311,149066,3,1487902,0
789,215352,2,1618366,1
575,143674,1,732286,0
541,20594,2,734143,0
515,251907,2,657648,0
550,284515,2,1266042,0
425,62315,2,1469098,0
516,229636,1,770156,0
605,142251,2,340431,0
484,247520,2,1180680,0
338,94526,2,1784372,0
522,258459,1,1447636,0
483,162698,3,1844268,0
794,252330,2,1565359,1
726,120573,3,1579275,0
477,152900,2,1888196,0
727,250707,1,1714069,1
593,198736,2,282321,0
450,163955,2,1982357,0
683,189131,3,187837,1
607,189004,2,494842,0
635,279179,2,794067,0
674,124767,3,191879,0
307,32241,2,60204,0
640,67975,3,1846538,0
428,169226,3,763304,0
651,71396,1,1927128,0
657,133920,2,152903,1
816,209999,2,465874,1
794,101226,2,873513,1
385,99719,2,830975,0
474,78014,3,1657850,0
492,54346,3,915754,0
610,85411,2,1979827,0
418,200550,1,624592,0
517,158326,2,1950600,0
726,201806,1,1419268,1
713,61121,3,1078341,0
413,227490,2,1459167,0
444,99577,2,1662850,0
837,264106,1,386239,1
602,150909,3,1190170,0
887,16466,1,400425,0
644,244638,3,1689015,0
300,103422,2,1958606,0
446,279037,3,1913222,0
586,111907,2,875177,0
352,223434,1,552939,0
603,233532,3,1272196,0
368,273093,1,191753,0
660,167271,2,188056,1
519,220400,1,208651,0
874,182477,3,1975818,1
884,244304,3,284347,1
460,30989,2,1808869,0
388,286434,2,1519191,0
884,136136,3,736841,1
888,222370,1,1099520,1
458,141299,3,668281,0
788,176205,1,321258,1
623,258688,3,876278,0
680,120686,3,789026,0
401,97666,3,1307496,0
793,203728,2,1355381,1
318,150705,2,1393316,0
753,122573,2,678375,1
781,243892,1,1042791,1
893,284152,2,843339,1
696,173477,2,305035,1
578,263141,3,1257762,0
664,105909,2,1910017,0
630,166899,1,396990,1
643,75354,2,1935249,0
754,33157,2,1789661,0
364,50315,2,855428,0
375,160486,2,1497839,0
442,273669,3,1389487,0
772,147018,2,1377067,1
716,291837,2,152063,1
604,110790,2,1646966,0
796,87255,3,1627127,0
590,210829,2,420729,0
401,187275,3,1166014,0
566,207933,1,1194935,0
302,276439,3,473756,0
384,26350,2,704539,0
627,201584,2,1592663,1
749,116894,2,1567518,1
753,46728,2,506985,1
520,294720,1,746203,0
453,98384,3,77690,0
311,15390,2,577282,0
432,26569,3,1202109,0
603,37490,3,1166122,0
592,283011,2,1499169,0
599,95820,3,390716,0
342,286265,2,600755,0
642,16539,1,820878,0
625,78965,3,705408,0
797,112799,2,218050,1
663,108948,2,1607658,0
726,158314,2,563672,1
320,263099,2,1932614,0
706,286091,3,1049078,1
635,258322,1,1983120,1
416,217538,2,1696278,1
423,249778,2,929577,0
698,270821,2,754582,1
350,207888,2,622403,0
623,277651,1,926038,1
440,173223,1,1663511,0
769,26618,2,1153183,1
633,293266,3,1549202,0
672,153426,1,1120572,1
863,101436,3,1022425,1
793,225448,3,1182273,1
838,151109,3,1406742,1
455,43633,3,876580,0
590,227456,2,1690628,0
443,153442,2,1976909,0
405,134873,2,402868,0
719,86947,2,289190,1
301,185205,3,58888,0
888,242107,2,1842602,1
389,110761,3,485413,0
644,43926,1,1051830,0
649,119700,3,1320008,0
758,64593,2,411085,1
562,20209,2,329477,0
650,141700,2,551616,0
407,101597,3,610643,0
885,284355,2,280487,1
338,24927,3,703974,0
458,223535,3,517119,1
882,132333,3,1033762,1
611,170666,1,1785081,1
540,220924,3,823890,0
744,223785,3,299434,1
597,154005,1,939602,0
335,118780,1,1436395,0
383,55696,1,1279502,0
751,211521,1,641952,1
684,172195,2,550638,1
471,65013,3,660441,0
675,231486,2,1716480,1
661,254350,2,1920293,1
858,41140,3,1354925,0
440,278328,2,1509325,0
417,170918,3,1000128,0
576,126361,2,621284,0
519,168267,2,359091,0
325,282750,2,471172,0
820,31555,2,1936038,0
309,105385,1,501813,0
677,270658,3,1927451,1
883,172419,2,702632,1
451,244797,3,279685,0
348,118844,2,377608,0
453,106321,1,1750883,0
592,209923,2,185024,0
879,113234,1,1024384,1
349,242705,3,233273,0
830,216283,3,694742,1
359,44793,3,174444,0
466,163929,1,424319,0
501,34627,2,354604,0
445,237633,2,1252444,0
738,239440,3,212818,1
541,190188,1,530001,0
880,273191,2,1098591,1
860,138099,2,1934765,1
782,224074,1,1255605,1
407,188686,2,655829,0
525,289864,2,1644156,0
731,122449,3,1483414,1
718,117828,3,212948,1
754,141613,2,766087,1
459,87095,2,1145622,0
822,120924,2,1637681,1
889,111452,3,1108335,1
376,102593,3,1278080,0
808,181964,3,1367132,1
740,141202,3,1549549,1
553,92606,2,332648,0
619,138769,3,1469220,0
562,133542,2,320651,0
896,278068,2,1119626,1
853,66322,3,448036,1
673,172550,1,536383,1
466,86042,1,1198729,0
758,61418,2,1898595,0
579,115699,2,281329,0
601,105140,3,1680596,0
830,26781,1,626209,0
879,112628,1,1537291,1
517,91946,1,1740598,0
401,100058,1,1089786,0
853,166542,1,187912,1
587,285675,2,546586,0
466,57674,2,605728,0
335,142572,3,1658047,0
652,240730,3,1981180,0
372,72174,2,1756325,0
652,288423,1,688803,1
369,271008,1,1483903,0
724,68051,3,378443,1
860,218085,2,1843397,1
816,80524,3,1059589,0
727,283614,3,1738367,0
838,246189,3,1137599,1
459,59439,3,1279677,1
448,291452,2,352085,0
529,106563,2,1545742,0
861,242328,3,958109,1
366,221314,2,792319,0
680,24837,1,126054,1
357,250207,2,1426083,0
558,133128,2,551772,0
641,182896,3,636030,0
429,179145,2,1091963,0
471,112624,2,1589688,0
508,204933,3,619503,0
653,45063,3,1092585,0
770,84453,2,1932865,0
415,269371,2,1940484,0
563,117166,2,209245,0
741,29506,2,1501187,0
847,240413,1,896200,1
752,128604,2,1340019,1
776,41026,3,1576535,0
586,270116,2,1202167,0
602,205285,2,1347621,0
610,65971,1,1669093,1
507,128978,2,1996714,0
745,174163,3,112583,1
354,118864,2,305931,0
311,110386,1,1258572,0
699,101126,2,1748875,0
814,177023,3,1564761,1
841,95863,2,1390824,1
536,140659,1,814948,0
578,205944,2,874026,0
647,22235,3,315808,0
403,77712,2,1895536,0
816,167545,2,1782126,1
547,213639,2,771393,0
663,252890,2,504377,1
620,140849,3,778537,0
585,270493,3,702692,0
448,94823,2,1300240,0
383,119215,2,1393619,0
705,256071,1,907411,1
755,47230,2,591529,1
460,238660,2,882643,0
759,194736,1,1686336,1
849,138246,1,255320,1
799,99817,1,1041261,1
808,253657,3,81346,1
780,232033,3,1704060,1
413,246414,3,416595,0
877,271812,1,782484,1
660,85219,3,1987916,0
640,185956,1,1534012,1
748,272134,2,1247590,1
479,36650,3,1934175,1
706,185521,2,872805,1
495,185733,2,1952151,0
765,257037,1,1743487,1
610,95428,1,946445,1
561,221251,2,1100592,0
718,24943,2,1954118,0
705,189312,3,1621771,0
442,36042,2,1013813,0
641,267842,2,581562,0
615,201443,1,1075743,1
400,166990,1,65748,0
543,229304,3,1511967,0
789,159923,1,1596502,1
311,216904,2,1634690,0
538,202428,1,919440,0
860,160817,3,703576,1
341,20730,3,477345,0
893,244502,2,1299657,1
728,217210,2,1873918,1
457,229183,2,466706,0
515,34023,2,942055,0
761,141796,1,222507,1
433,299981,3,1828953,0
366,191111,1,570140,0
306,35923,3,273023,0
825,286020,2,1443826,1
372,209795,1,1815813,0
698,248462,2,987302,1
704,66413,2,1415358,0
877,270719,2,1167648,1
429,43756,2,1165885,0
765,133248,2,1259542,1
505,287448,2,551775,0
565,45341,1,1485444,0
836,142039,2,235639,1
552,206830,2,1658190,1
588,177730,2,760419,0
463,195074,2,1890087,0
394,249390,2,1482132,0
409,147447,3,1710204,0
635,114485,3,1970219,0
537,299236,2,468810,0
680,146562,2,354893,1
735,18729,2,1790228,0
782,152046,3,1741056,1
324,133222,1,910966,0
416,98860,2,1350325,1
781,273360,3,1964241,1
691,36398,1,1674682,0
836,118889,1,1996918,1
378,280303,2,1636293,0
879,240959,2,1680612,1
472,117834,3,1671671,0
311,36638,3,319284,0
427,278217,1,1423946,0
391,230379,1,812449,0
842,247069,2,1506693,1
831,44320,2,925247,0
746,49924,2,1913533,0
689,227792,1,1381211,1
342,186097,2,249888,1
553,17159,2,216052,0
429,63940,2,1605309,0
359,94436,2,1325173,0
766,29678,2,1106654,0
586,207147,2,665942,0
816,152844,1,179101,1
766,82163,1,532737,1
644,256040,2,1540496,0
681,219827,2,591285,1
552,169536,2,523026,1
355,66137,2,706228,0
762,115485,2,558715,1
756,255970,3,469614,1
382,120468,2,262650,0
398,15901,1,409500,0
448,102980,1,1474431,0
628,280025,2,857678,0
455,257434,2,201633,0
489,217258,1,1133088,0
793,266839,2,1068064,1
562,87572,1,275226,0
379,54255,2,1307043,0
699,78212,2,894297,1
559,37499,3,991084,0
851,117552,1,514175,1
400,76360,3,939825,0
658,158704,3,646432,0
679,176679,2,747845,1
520,106873,1,1215939,0
719,80756,2,362809,1
423,209454,3,1824348,0
721,42464,3,231675,1
530,136897,2,1250686,0
362,98791,3,667830,0
784,170371,1,937743,1
873,194047,1,1588138,1
782,147534,3,1899333,0
818,96441,3,216964,1
454,252612,2,444969,0
391,246444,3,1062571,0
825,291319,3,723356,1
754,152263,3,905243,1
897,99518,3,1828219,0
809,226230,3,1012715,1
482,62645,1,166737,0
685,254608,3,506036,1
873,38283,1,312968,1
704,205195,3,1505672,1
545,117780,2,1863281,0
890,15515,2,692006,0
770,243872,2,378761,1
722,73755,1,1372237,0
364,42856,2,1775619,0
312,88870,3,1508668,0
512,152080,3,1463788,0
541,285131,2,517018,0
792,111502,3,1830655,1
512,81323,3,1871984,0
637,287017,2,1877186,0
472,228614,1,529818,0
463,182516,3,1308061,0
764,120219,2,322126,1
796,20033,3,469814,0
694,292833,3,195711,0
607,124756,3,1693074,0
482,277210,2,1692716,0
809,129159,2,950050,1
845,191318,2,1878003,1
863,22533,2,1108271,0
893,216224,1,1147158,1
526,257653,2,1391814,0
735,124028,2,1814571,1
721,288916,3,1382907,1
853,265231,1,954445,1
320,27940,2,703009,0
853,31932,1,680971,0
696,241377,1,1886222,1
404,39648,1,1908948,0
491,47966,3,569382,0
316,270733,1,1667270,1
419,178639,3,1058725,0
692,261331,2,1010985,1
724,57598,3,197049,1
428,205271,3,1095323,0
429,190309,3,1536631,0
871,211569,3,1549666,1
859,146250,3,1943422,0
328,263004,3,1462160,0
396,32118,2,285994,0
309,37616,1,1988577,0
541,146870,2,1810177,0
531,284745,2,1303149,0
583,17795,2,1829069,0
499,112462,2,1159057,0
378,280228,3,1860948,0
472,277875,3,339884,0
766,147201,2,1948336,1
880,174094,2,1018147,1
715,278749,3,1595309,1
748,92506,2,1372601,1
386,255313,3,1397716,0
400,59130,2,737537,0
307,178402,2,1745060,0
499,161259,2,1660041,0
804,216682,3,1164702,1
386,238034,2,1417251,0
342,114694,1,76119,0
684,34773,2,692032,0
734,281383,2,1215470,1
707,298007,3,1257563,1
782,83968,3,1494500,0
316,75430,2,481965,0
447,265072,2,1143565,0
576,16515,2,1907114,0
531,112206,3,1902139,0
665,260282,3,1931561,0
527,250702,2,1025648,0
735,20586,3,1105129,1
698,260277,2,1640745,1
510,46186,3,51379,0
690,41928,3,402935,0
798,244336,3,1466384,1
839,229159,3,119306,1
862,35711,2,1511518,0
790,69962,3,1342401,0
741,35039,2,976592,0
560,51561,2,1526106,0
649,221555,2,561030,1
651,234730,3,1727376,0
819,16577,1,328494,0
619,122792,2,1598971,0
437,262980,2,1198175,0
849,253540,1,1704261,1
667,243506,1,1440229,1
519,227489,3,592057,0
636,25785,3,752609,0
522,87227,2,675872,0
659,80431,3,1407085,1
628,262941,3,362329,0
762,209844,2,1756722,1
860,165653,3,1854473,1
681,278606,3,1225101,0
889,210245,2,1493412,1
468,190486,2,610591,0
516,87573,3,1118165,0
677,239737,2,1363602,1
418,134682,1,230394,0
489,28386,2,703524,1
669,69460,2,467740,1
448,130375,3,1894753,0
787,167117,2,1069705,1
673,131582,2,65861,1
459,258015,2,665995,1
650,168778,2,1414981,1
587,67335,2,1877907,0
587,244087,2,708197,0
525,67949,3,386279,0
822,110558,1,628668,1
821,279860,2,1971097,1
572,162646,2,679313,0
701,257887,2,1803767,1
482,207898,2,270421,0
787,166285,2,1005759,1
423,86916,3,1343073,0
713,212223,2,1783456,1
471,274590,3,1521333,0
587,263090,1,1033276,0
734,65906,3,94397,1
412,277607,2,913517,1
421,89694,3,900297,0
843,297152,2,1940964,1
521,85474,2,1519245,0
338,53185,2,1554137,0
796,277048,3,937159,1
532,271574,2,1504698,0
829,217211,2,327132,1
448,37504,3,1257371,0
696,69970,2,608088,1
601,293910,3,208502,0
659,131944,2,1524327,1
537,188615,3,249548,0
535,179211,2,1356229,0
502,135494,2,1972337,0
555,249941,2,1675148,0
897,23802,3,1679096,0
534,186277,2,94420,0
644,26516,2,874142,0
833,128758,3,1564289,0
765,45480,1,666323,1
840,198163,3,1532290,1
512,143023,3,867715,0
762,193838,3,1295817,1
735,286409,3,1039862,1
582,129165,2,1816393,0
861,134501,2,1348439,1
762,264329,3,75968,1
706,292530,2,1161084,1
387,136635,1,810151,0
343,189326,3,1817156,0
760,235935,2,425579,1
577,68634,3,1183942,0
720,193734,3,1628602,1
652,249856,3,1101674,1
814,233599,3,1194000,1
318,252919,3,778993,0
322,82443,3,1701536,0
712,56505,2,1398964,0
329,117478,2,1762189,0
407,77699,3,1939341,0
666,169721,3,1223925,1
580,151668,2,625257,0
427,293518,1,665032,0
528,133686,2,251495,0
410,280919,1,167286,0
435,298173,3,1011915,0
661,98981,3,1173604,0
485,129010,1,1920429,0
883,46105,2,968958,1
428,274021,1,985026,0
560,162032,3,88575,0
814,141519,2,1626056,1
748,157429,2,1733980,1
403,292948,2,1547060,0
782,142732,1,964306,1
523,160698,2,655599,0
790,174204,1,977906,1
772,285095,2,1046114,1
309,296209,1,655069,1
704,120072,2,1659391,1
601,155202,3,626469,0
530,104360,3,665760,0
365,77287,3,994506,0
411,253009,3,1704083,0
312,197774,1,979964,0
692,183065,1,169783,1
799,177947,2,211554,1
897,261356,3,983951,1
533,152126,3,229300,0
613,245881,1,1706129,1
865,122357,2,1148702,1
311,222440,2,1905553,0
508,44670,3,1153690,0
313,174379,2,1454460,0
717,259159,1,256422,1
736,213159,2,763161,1
676,209152,2,850322,1
319,94335,3,171284,0
886,81985,1,1413202,1
369,145744,3,1293045,0
510,266713,2,1240866,0
400,186349,3,1432311,0
431,46551,3,662529,1
680,104813,1,871154,1
431,191284,1,885863,0
319,24637,3,1281191,0
835,144553,1,354144,1
526,41950,3,1956983,0
453,142870,3,1653785,0
768,15215,3,935697,0
704,288667,2,1449467,1
501,38834,2,211686,0
337,58066,2,1815125,0
487,287544,1,591889,0
356,25345,3,1716196,0
319,48896,3,1483974,0
572,282727,2,776903,0
418,86537,3,1559404,0
882,255489,1,431148,1
815,89807,2,1858436,0
520,144648,3,983796,0
825,159401,3,999014,1
814,247117,2,340144,1
635,263780,3,1229015,0
354,228286,2,1338267,0
799,52052,2,1217853,0
835,61032,2,342527,1
461,113802,3,1241433,0
893,249337,1,1663774,1
458,187857,2,1792964,0
487,211753,2,1778791,0
359,235934,3,860713,0
618,241599,2,1474558,0
510,128221,2,579129,0
705,141457,1,1195780,1
408,293720,2,1158731,0
375,134875,3,368457,1
841,46601,2,1616529,0
613,119186,3,1882453,0
416,180707,1,835428,0
318,284609,3,1996696,0
731,71754,2,568985,1
649,244047,1,1247091,1
482,107850,2,1524042,0
412,231191,3,1231570,0
482,53871,3,868408,0
780,208946,2,717351,1
445,264200,3,1202981,0
412,216239,1,1676608,0
775,249453,1,576761,1
602,47574,2,713468,0
417,117072,2,1651579,1
460,219603,3,294826,0
700,171258,2,1352432,1
497,168885,1,813707,0
559,224884,2,569637,0
346,231597,1,1875372,1
698,124779,1,475426,1
858,33557,2,1082018,1
377,174132,2,1922325,0
423,246977,2,1426236,0
374,152152,2,738722,0
436,159926,1,1153180,0
699,213767,1,558410,1
804,173097,2,1103465,1
799,199054,1,1843493,1
872,56081,2,910180,0
437,245693,1,868403,0
349,170063,2,1673415,0
553,278445,1,708561,0
862,174682,1,1335806,1
725,96463,2,286139,1
846,180750,3,1731821,1
601,41081,1,1188458,0
880,39354,2,350102,1
648,108297,3,1833187,0
348,295444,2,1366401,0
373,79384,3,151982,0
560,136684,1,96870,0
655,50525,3,263328,0
881,21464,2,1952211,0
559,31562,2,209224,0
594,70514,3,1672925,0
612,127564,2,238691,0
481,47634,2,632523,0
663,277204,3,1041244,1
487,286413,2,1922898,0
868,209215,1,1712937,1
842,38065,2,1946409,0
895,280039,1,1634081,1
847,158424,3,360495,1
707,119127,3,870173,1
713,111426,2,463870,1
641,207376,2,1290962,0
519,26962,1,1362128,0
462,48302,1,571817,0
519,19011,3,1665767,0
569,34782,1,1838144,0
699,213763,2,157042,1
481,135654,3,818013,0
504,24196,3,706578,0
881,58459,2,1280220,0
855,102245,2,1026302,1
527,93863,2,1593473,0
895,265463,3,434333,1
549,47769,2,683556,0
740,271433,2,1652969,1
832,39700,1,1168210,0
495,261864,1,1478146,0
818,226428,2,188691,1
369,246237,3,1503731,0
698,282413,3,1116802,1
502,129003,3,1123898,0
447,154392,2,1943223,0
771,64589,3,984382,0
498,265606,3,741572,0
725,222348,2,144835,1
791,50897,2,1353603,0
441,204637,2,123079,0
612,177002,3,1122522,0
464,203305,2,1785676,0
613,228893,3,947165,0
320,291524,2,1105829,0
381,222968,3,129311,0
880,85934,2,869245,1
430,70830,3,1031835,0
898,282673,2,995136,1
604,267364,3,1409085,1
670,248294,2,1690457,1
683,97987,2,1004940,1
744,64178,2,1248061,0
724,153009,2,276833,1
460,54886,2,612773,1
477,64699,2,1297880,0
789,91396,3,947936,1
626,105678,2,1901109,0
897,40279,2,1631695,0
588,125776,2,1576375,0
892,116444,2,1412617,1
872,128793,3,1103580,1
872,225809,2,1406644,1
653,186616,3,1513301,0
327,257262,2,1087140,0
342,23997,1,87170,0
722,121102,3,1666419,0
897,55860,2,1506454,0
476,280369,1,1216691,1
828,125114,2,940648,1
793,128218,3,902362,1
497,122041,2,228475,0
876,207150,2,348509,1
816,91290,2,1422908,0
813,71633,2,1829996,0
321,136118,3,410777,0
411,189673,2,994177,1
356,18114,2,1162047,0
365,64768,3,460372,0
397,98123,2,1680151,0
443,123255,2,444861,0
734,181405,2,1419796,1
385,18174,2,1586377,0
887,132769,2,1739339,1
643,150393,2,1042855,0
593,242043,2,100151,0
870,257580,2,1690248,1
542,201493,2,412009,0
860,87635,1,607829,1
331,156385,2,122847,0
690,257878,3,792459,0
576,232070,2,261811,0
831,291274,3,887387,1
453,165056,2,976794,0
682,158933,3,543570,0
367,113970,3,1026446,0
513,97203,1,1836603,0
675,207319,2,473359,1
512,215173,2,992013,0
378,167049,2,1448500,0
680,232726,1,742101,1
357,87902,3,1518690,0
325,107172,1,567649,0
746,161702,2,149919,1
365,35056,2,1473574,0
553,153454,2,1315322,0
343,70739,3,1292596,0
396,63639,3,1684632,0
853,278136,2,1141838,1
526,87394,2,1497298,0
735,197447,2,594893,1
678,165644,3,652878,0
477,19136,1,340375,0
726,76868,2,1702261,0
606,125957,3,1175699,0
803,30479,2,1898523,0
567,134392,3,1447931,0
885,177448,1,481838,1
307,150895,3,1901608,0
807,271228,1,1257540,1
775,216528,2,1050783,1
596,296729,2,905742,0
463,249847,3,218767,0
784,280864,2,1758365,1
896,296411,1,709966,1
371,161768,2,1496270,0
866,176040,2,1737244,1
858,66567,2,1575608,0
537,106229,3,745494,0
403,214316,2,513179,0
509,211497,2,1996788,1
853,97844,1,206547,1
767,178991,2,902609,1
753,105697,2,727090,1
567,72196,2,1250761,0
685,130600,1,1773947,1
686,115625,2,105746,1
558,48324,3,1796789,0
582,66272,2,1970203,0
339,264264,2,1921826,0
785,178996,3,218393,1
519,242459,3,333453,0
428,169961,2,340320,0
819,251538,2,643167,1
559,69675,3,1690456,0
665,88591,1,1445448,1
843,168706,2,1318660,1
823,209824,2,1820358,1
315,244530,2,845016,0
428,128627,2,698843,0
874,228988,3,1454022,1
408,52394,1,958840,0
832,94795,2,1641694,0
568,290160,2,1315473,0
461,57137,2,1875098,0
559,153925,3,913498,0
401,27379,2,840023,0
805,136169,3,1192454,1
870,184439,2,1223983,1
546,164172,2,691157,0
836,141082,3,307716,1
430,26049,2,857827,0
652,176771,1,1115314,1
495,183112,3,1232279,0
681,264527,2,1771841,1
526,239062,3,1641920,0
775,72986,3,1863610,0
776,169672,2,1608817,1
564,236849,2,1482376,0
671,231775,2,689604,0
785,120315,2,740807,1
733,297229,3,1677282,1
510,192926,3,873622,0
871,230341,2,76014,1
676,185851,1,1096737,1
694,202279,2,1826935,1
749,240687,2,1861853,1
663,160213,3,231350,0
756,155416,1,961995,1
525,30896,3,838212,0
430,104353,2,534859,0
887,44813,3,764618,0
775,230503,2,540339,1
576,80679,2,92192,0
455,156753,2,1026804,0
517,218975,3,941307,0
489,280372,2,1058008,0
716,224755,2,1459849,1
845,288541,2,93923,1
340,94183,1,1712060,0
606,57317,2,1625259,0
637,193986,3,1463169,0
613,230705,1,1482467,1
374,191326,2,802744,0
578,67344,2,1507571,0
475,261060,2,645316,0
572,214618,1,997226,1
588,174484,2,1498903,0
571,125489,1,816751,1
365,273667,1,715344,0
782,26549,3,929608,0
547,40739,2,1826264,0
455,298353,3,1353891,0
346,122051,1,1387644,0
753,30116,2,495919,0
500,35045,1,1393297,0
423,50709,2,188783,0
300,172977,3,1708412,0
490,218675,3,1355864,0
878,244167,1,1591661,1
815,234222,2,545187,1
741,204518,2,1747957,1
442,198500,2,1334411,0
490,283591,1,1951563,0
832,20499,3,1450568,0
526,54041,3,1304660,0
612,147371,3,844686,0
601,151066,3,437554,0
759,241486,2,803315,1
700,227235,2,520336,1
850,272831,1,973469,1
692,131220,1,1306648,1
506,236421,2,1346605,0
509,279140,3,1307623,0
414,266071,3,415169,0
550,18089,3,180509,0
518,297803,3,812072,0
706,110965,3,1393683,0
742,96268,2,577561,1
653,216798,3,589618,0
857,252103,2,202566,1
849,259754,2,650710,1
441,180637,3,958521,0
800,104242,3,53212,1
846,168956,1,282131,1
841,294343,1,526657,1
806,75038,2,1710458,0
895,72786,2,1230728,0
580,251042,3,1393395,0
723,224087,2,1120583,1
569,180250,1,688093,0
453,277678,2,1443361,0
382,204826,1,1718679,0
725,61233,1,883247,1
574,212780,3,1968490,0
583,239522,2,1885647,0
472,121311,2,375737,0
626,49409,1,1610740,0
362,261231,2,128038,0
372,44709,3,1070998,0
674,124321,2,1454619,1
807,15363,3,840168,0
697,287502,2,1876370,1
419,60689,2,1115049,0
736,279080,2,703059,1
764,106074,2,1224377,1
585,190037,3,944030,0
564,223606,2,660911,0
619,15882,2,1606828,0
675,269822,1,1323673,1
388,140865,2,348964,0
502,138745,3,1314509,0
633,43885,2,1418309,0
521,186128,2,771167,0
340,206313,3,1379134,0
367,36584,2,1488098,0
813,285665,2,74220,1
897,196089,2,634819,1
426,44063,3,1470722,1
554,85268,3,557409,0
315,271306,2,747785,0
776,141218,2,59387,1
361,239126,3,295752,0
731,185635,1,651103,1
567,185824,2,601872,0
334,241305,1,619071,0
875,91411,3,1793745,0
793,124876,1,759687,1
861,213153,2,698782,1
768,175212,1,1738678,1
624,155399,2,300139,0
603,38331,3,550228,1
575,38004,2,1764793,0
500,253441,2,1796197,0
744,204167,2,910020,1
623,104044,2,984499,0
334,286189,3,1345085,0
781,297260,2,63580,1
779,33667,3,1641104,0
364,89205,2,828639,0
307,42302,2,1444166,1
600,177007,2,518968,0
642,87534,2,940965,0
730,240414,2,828559,1
723,177696,3,1582239,1
631,28440,2,478082,0
737,285012,1,655262,1
887,176323,3,1696265,1
473,99523,3,263165,0
858,184801,1,455427,1
826,30734,2,502201,0
325,188501,2,1262916,0
705,187409,3,1888654,0
531,285577,3,760731,0
832,155183,3,1870987,1
849,118986,3,354960,1
804,128783,2,1188036,1
478,226655,3,1404832,0
431,298895,2,1149624,0
754,162525,1,1829382,1
647,231916,2,1231426,1
839,176149,3,1930760,1
705,254654,3,1576769,1
375,204216,1,1955734,0
878,192169,3,786200,1
791,148851,3,1072805,1
493,146827,2,994793,0
461,66482,2,356932,0
646,137989,3,316891,0
660,291393,2,1042326,1
883,259255,1,574333,1
386,125361,3,1062782,0
561,296366,3,1630622,0
513,56139,2,1878261,0
872,129919,3,961508,1
561,262677,2,1777373,0
582,240756,1,1773521,0
766,154718,2,190926,1
679,159615,2,233148,1
661,240568,3,893382,0
748,168857,1,722709,1
740,38777,2,1850164,0
392,72939,2,1775284,0
723,38548,3,1263944,0
441,140549,1,544496,0
590,152799,1,69455,0
731,256532,2,784184,1
348,196789,3,1563715,0
601,162764,2,1330473,0
489,46625,2,482509,0
435,129881,1,1591222,0
854,292721,3,662840,1
703,126776,1,882548,1
640,248996,2,432605,0
617,272831,2,614772,0
662,227803,2,997719,0
681,173761,3,1442358,1
532,157226,2,708764,0
643,36341,3,218332,0
848,220753,3,1199223,1
852,264141,2,1688506,1
828,214488,3,1834667,1
870,271139,3,882441,1
482,93840,3,1060193,0
340,180767,2,1227400,0
850,176297,2,823202,1
696,64156,2,866037,1
793,223281,3,1733743,1
632,102453,2,1743691,0
426,173901,2,317724,0
857,40938,2,951334,0
856,74164,2,317544,1
300,214271,2,1793579,0
467,75282,1,801545,0
318,280470,2,1095962,0
631,173666,3,1981040,0
883,130819,2,177319,1
755,281907,3,562193,1
408,156900,1,1577965,0
567,288365,2,156960,0
744,28569,3,89015,1
539,242966,3,1432433,0
600,52860,2,778165,1
402,217630,3,982478,0
549,159587,3,195109,0
752,86695,3,527508,1
819,268078,2,1884927,1
452,257599,1,983671,0
473,170976,2,1187330,0
642,206007,2,271775,0
730,20636,1,1403868,0
623,276578,3,777513,0
719,298816,1,726894,1
893,282956,2,796355,1
784,242693,2,959222,1
711,15654,3,1971086,0
383,69633,2,1155455,0
412,32143,3,169894,0
631,70934,2,640127,0
677,118463,3,1128332,0
340,140851,3,718043,0
404,44087,2,1279133,0
501,157690,3,1327879,0
749,285590,1,1502817,1
565,173272,2,724075,0
509,241179,1,1037601,0
862,207537,2,541599,1
417,232508,3,545283,0
676,133422,1,667231,1
850,234631,2,792476,1
839,54148,2,198188,1
383,166770,2,611032,0
753,202535,2,174697,1
813,93012,3,1579371,0
686,71116,1,1738936,0
649,159233,2,445340,1
595,47152,2,286028,0
557,121379,2,743411,0
380,241905,2,1105752,0
567,35836,3,1976318,0
718,236439,2,1875229,1
534,201720,2,1556610,0
610,172403,1,563611,1
656,156835,2,1248324,0
512,108109,3,1143753,0
873,165259,1,1582088,1
348,158029,2,1209199,0
426,97018,3,1623861,0
522,138076,2,502546,0
578,173177,2,1011273,0
707,194425,2,546184,1
804,230657,1,1084549,1
593,17637,3,694467,0
576,252989,1,297439,0
737,247259,3,1046157,1
406,97464,2,694691,0
719,26831,3,145287,1
728,128768,1,1218150,1
674,261983,2,830751,0
372,119824,2,1220085,0
329,103741,2,1446167,0
487,33830,2,1994530,0
663,84202,3,1547757,0
750,232394,3,1441864,1
494,217123,1,1871369,0
455,172699,1,1291165,0
471,292342,3,1977701,0
340,121471,1,406459,0
362,251824,3,538720,0
322,34403,2,1912395,1
659,18681,2,1102666,0
374,130260,1,1516737,0
859,188364,2,1925247,1
417,120386,2,53743,0
679,248378,3,1129500,0
589,108246,3,1239844,0
739,110864,1,1976823,1
306,223886,1,1728176,0
495,285561,1,1429580,0
720,180837,3,1008904,1
867,260160,2,790537,1
492,202646,1,1846954,0
858,274278,2,279602,1
447,271681,2,1441119,0
501,186635,3,885227,0
743,26332,2,887985,0
718,269817,2,1607504,1
726,296321,2,1202552,1
778,235326,2,205183,1
774,214519,1,1736430,1
425,276849,1,1356019,0
694,95730,2,1742832,0
875,252474,1,111600,1
624,298817,2,624310,0
691,55870,2,1757135,0
739,268017,3,887329,1
503,142536,2,874470,0
785,299965,2,173323,1
330,40494,2,1284686,0
687,114477,2,1743142,0
733,220232,1,947486,1
675,295790,3,1368617,0
643,138777,1,638829,1
742,92360,2,1205544,1
878,148501,3,1637756,1
374,75654,2,975775,0
856,134975,3,1123391,1
454,214215,2,882044,0
729,117326,3,1525149,0
662,92527,3,518304,1
747,181991,3,852699,1
533,111952,3,854700,0
862,161895,3,688751,1
561,61015,3,514151,0
424,117877,2,931779,0
544,292483,1,1289308,0
841,149563,2,1295175,1
784,112493,3,244451,1
421,161800,3,406686,0
424,206480,3,746631,0
848,136648,3,1427332,1
469,163790,1,188307,0
423,102508,2,1187333,0
334,229839,2,459633,0
386,289270,1,934507,0
500,79926,2,346753,1
668,55633,3,939217,0
376,223726,3,1352776,0
358,18317,2,1001406,0
730,207718,1,1646509,1
799,202035,2,1554665,1
408,195388,2,1818494,0
577,292648,2,374377,0
367,214665,1,1472163,0
368,227369,2,1253049,0
464,70501,2,844203,0
788,199381,3,1566243,1
604,42043,1,522650,1
664,48635,1,510665,1
678,225387,1,414745,1
642,95691,2,1584396,0
853,292510,2,1493734,1
653,108944,3,1774324,0
715,218179,2,961656,1
408,54236,2,657539,0
862,281294,2,631330,1
796,296567,2,890172,1
640,19137,1,246945,1
682,44992,2,1669888,0
832,130140,3,1777386,0
599,190993,3,1679829,0
438,136225,3,322201,0
658,225047,2,798609,1
798,34122,2,845415,0
684,78879,3,442613,0
579,73560,1,594283,0
782,214757,1,164587,1
410,252268,1,1331652,0
438,278312,2,796988,0
734,181969,2,520897,1
808,161104,2,1137462,1
572,280660,2,1449745,0
398,165823,3,539788,0
403,45373,1,145149,0
513,137026,2,668308,0
464,45270,2,1625537,0
819,247931,2,1002394,1
583,210889,2,1962521,0
816,80184,3,73466,1
463,225765,1,287626,0
363,52879,3,1977553,0
390,18626,2,1608542,0
416,100936,1,1673270,0
566,249873,3,446904,0
858,96515,2,1692148,0
439,223137,1,810006,0
545,70390,1,951011,0
694,238032,1,1636529,1
786,69144,2,594929,1
775,159454,1,475716,1
816,19025,2,610085,0
483,269043,1,1838702,0
319,133910,3,1406670,0
857,111055,3,965986,1
823,220782,3,1725203,1
881,298539,1,1736295,1
828,287869,3,1330851,1
446,48461,2,452854,0
603,273072,3,1906181,0
881,56115,2,718582,1
527,125084,2,231136,0
401,174762,3,1266658,0
886,278551,1,1351877,1
716,88568,2,592383,1
515,73560,3,1222130,0
706,163866,3,444655,0
698,165953,3,962046,1
798,232364,2,1857853,1
764,251770,2,528766,1
381,241024,1,972879,1
664,195775,2,1711887,1
462,106288,2,1730045,0
347,264836,2,272310,0
810,29390,1,857032,0
628,233547,2,1887474,0
415,42307,3,1879213,0
636,242436,3,549344,0
446,240121,3,1799033,0
874,266063,3,946366,1
622,39502,2,1676140,0
742,37486,3,1541909,0
312,184330,2,490187,0
793,203788,3,319072,1
586,243300,3,1055520,0
413,118920,3,1940317,0
779,227566,2,255719,1
321,77785,1,746248,0
648,91050,1,1848961,0
865,37738,1,1797768,0
619,89231,1,166196,0
425,88606,1,1107980,0
576,242369,2,1525431,0
503,292267,2,1832054,0
493,171688,3,503814,0
846,288326,2,1736051,1
585,177403,2,946881,0
356,192170,3,1650548,0
602,41128,2,1691455,0
462,46556,3,1480541,0
318,273470,1,783082,0
669,167948,1,314826,1
563,155021,2,1209762,0
412,66962,1,817469,1
787,105054,2,1644696,0
626,217278,2,1639861,0
841,39099,2,1395360,0
878,250943,1,1568674,1
364,198683,2,1139067,0
591,184957,2,1161619,0
324,211292,2,948607,0
848,22837,1,1227144,0
300,195427,1,1474970,0
848,193371,1,1695589,1
440,263003,1,178131,0
487,117413,3,1144096,1
427,66012,1,375063,0
500,145193,3,684157,0
426,233168,3,638730,0
556,163178,1,1883889,0
846,73123,2,1251418,0
493,126825,3,417390,0
403,23720,3,1801434,0
834,183733,2,1470407,1
564,261103,3,572485,0
683,239970,3,697735,1
559,239866,2,1684341,0
713,165862,3,574532,1
657,73655,2,1000292,1
374,205715,2,1062845,0
654,108448,3,1964461,0
883,193446,3,500953,1
487,188979,2,1276137,0
589,196143,1,964394,1
344,135507,2,907735,0
872,75186,3,1389110,0
382,137066,2,584535,0
422,196323,3,1298699,0
657,211243,3,1813655,0
827,51160,2,1526470,0
365,34156,1,1090673,0
674,91208,2,531018,1
461,164001,2,1305934,0
679,246226,2,866015,1
657,256766,2,566456,1
487,210413,2,1237724,0
621,227909,2,985510,0
749,80439,2,1244699,0
773,153266,2,447530,1
312,217459,1,602958,0
483,136361,2,1592549,0
410,227986,2,1035055,0
807,212286,2,1108812,1
589,44777,1,85568,0
594,271427,3,1730191,0
750,172255,2,305745,1
514,213110,2,422332,0
866,196649,3,535119,1
326,293011,2,328496,0
530,77501,2,1748585,0
864,160338,3,309291,1
620,181280,3,488866,0
532,136544,3,453562,0
736,153439,3,730516,1
832,270230,1,105904,1
702,50362,1,958573,0
352,265449,2,328252,0
612,184357,2,572247,0
580,141683,2,839285,0
330,271157,3,396300,0
636,220827,2,316320,1
482,217918,2,674747,0
322,230757,3,1517712,0
843,122669,3,1284498,1
745,223030,2,1236477,1
373,173998,3,173225,0
309,118215,3,543406,0
783,113707,2,1858711,0
755,107837,1,271738,1
865,260847,1,954890,1
863,242544,2,1733757,1
459,282614,2,910359,0
313,242467,3,528076,0
477,161025,3,292726,1
711,250652,3,1401387,1
352,106493,3,771202,0
707,283667,3,1527635,0
321,232995,2,756168,0
329,203262,1,1522335,0
559,60641,3,515996,0
504,169062,2,1105187,0
358,44661,2,1448962,0
770,159491,2,1969620,1
765,291601,3,1931910,1
311,118619,2,821812,0
589,48085,3,1393763,0
653,112064,2,186343,1
374,196726,2,909299,0
860,120723,1,389233,1
890,148114,3,895177,1
740,48477,1,1588668,0
540,129161,3,1029581,0
453,174788,1,1288767,0
395,154133,2,1765509,0
593,154681,2,1775345,0
508,256422,2,922402,0
642,285001,1,1385184,1
387,157692,2,1347796,0
689,23177,3,1534632,0
624,266842,2,1016289,0
456,104941,1,692811,1
876,273121,3,1643526,1
436,26826,1,854660,0
727,159962,2,635009,1
751,141044,2,712746,1
440,204103,2,843294,0
382,20495,2,614396,0
476,43481,3,141788,0
497,157339,2,518239,0
867,251774,2,294437,1
720,152815,2,1859875,1
700,118475,3,916572,0
770,194845,2,1050467,1
517,64476,3,732561,0
474,238177,3,1953586,0
322,211314,3,99966,0
